case_id,cxr,ark,eva,raddino
vindr_sample_0000,assets/cxr/vindr/sample_0000_input.png,assets/heatmaps/ark/vindr/sample_0000_cam.png,assets/heatmaps/eva/vindr/sample_0000_cam.png,assets/heatmaps/raddino/vindr/sample_0000_cam.png
vindr_sample_0001,assets/cxr/vindr/sample_0001_input.png,assets/heatmaps/ark/vindr/sample_0001_cam.png,assets/heatmaps/eva/vindr/sample_0001_cam.png,assets/heatmaps/raddino/vindr/sample_0001_cam.png
vindr_sample_0002,assets/cxr/vindr/sample_0002_input.png,assets/heatmaps/ark/vindr/sample_0002_cam.png,assets/heatmaps/eva/vindr/sample_0002_cam.png,assets/heatmaps/raddino/vindr/sample_0002_cam.png
vindr_sample_0003,assets/cxr/vindr/sample_0003_input.png,assets/heatmaps/ark/vindr/sample_0003_cam.png,assets/heatmaps/eva/vindr/sample_0003_cam.png,assets/heatmaps/raddino/vindr/sample_0003_cam.png
vindr_sample_0004,assets/cxr/vindr/sample_0004_input.png,assets/heatmaps/ark/vindr/sample_0004_cam.png,assets/heatmaps/eva/vindr/sample_0004_cam.png,assets/heatmaps/raddino/vindr/sample_0004_cam.png
vindr_sample_0005,assets/cxr/vindr/sample_0005_input.png,assets/heatmaps/ark/vindr/sample_0005_cam.png,assets/heatmaps/eva/vindr/sample_0005_cam.png,assets/heatmaps/raddino/vindr/sample_0005_cam.png
vindr_sample_0006,assets/cxr/vindr/sample_0006_input.png,assets/heatmaps/ark/vindr/sample_0006_cam.png,assets/heatmaps/eva/vindr/sample_0006_cam.png,assets/heatmaps/raddino/vindr/sample_0006_cam.png
vindr_sample_0007,assets/cxr/vindr/sample_0007_input.png,assets/heatmaps/ark/vindr/sample_0007_cam.png,assets/heatmaps/eva/vindr/sample_0007_cam.png,assets/heatmaps/raddino/vindr/sample_0007_cam.png
vindr_sample_0008,assets/cxr/vindr/sample_0008_input.png,assets/heatmaps/ark/vindr/sample_0008_cam.png,assets/heatmaps/eva/vindr/sample_0008_cam.png,assets/heatmaps/raddino/vindr/sample_0008_cam.png
vindr_sample_0009,assets/cxr/vindr/sample_0009_input.png,assets/heatmaps/ark/vindr/sample_0009_cam.png,assets/heatmaps/eva/vindr/sample_0009_cam.png,assets/heatmaps/raddino/vindr/sample_0009_cam.png
vindr_sample_0010,assets/cxr/vindr/sample_0010_input.png,assets/heatmaps/ark/vindr/sample_0010_cam.png,assets/heatmaps/eva/vindr/sample_0010_cam.png,assets/heatmaps/raddino/vindr/sample_0010_cam.png
vindr_sample_0011,assets/cxr/vindr/sample_0011_input.png,assets/heatmaps/ark/vindr/sample_0011_cam.png,assets/heatmaps/eva/vindr/sample_0011_cam.png,assets/heatmaps/raddino/vindr/sample_0011_cam.png
vindr_sample_0012,assets/cxr/vindr/sample_0012_input.png,assets/heatmaps/ark/vindr/sample_0012_cam.png,assets/heatmaps/eva/vindr/sample_0012_cam.png,assets/heatmaps/raddino/vindr/sample_0012_cam.png
vindr_sample_0013,assets/cxr/vindr/sample_0013_input.png,assets/heatmaps/ark/vindr/sample_0013_cam.png,assets/heatmaps/eva/vindr/sample_0013_cam.png,assets/heatmaps/raddino/vindr/sample_0013_cam.png
vindr_sample_0014,assets/cxr/vindr/sample_0014_input.png,assets/heatmaps/ark/vindr/sample_0014_cam.png,assets/heatmaps/eva/vindr/sample_0014_cam.png,assets/heatmaps/raddino/vindr/sample_0014_cam.png
vindr_sample_0015,assets/cxr/vindr/sample_0015_input.png,assets/heatmaps/ark/vindr/sample_0015_cam.png,assets/heatmaps/eva/vindr/sample_0015_cam.png,assets/heatmaps/raddino/vindr/sample_0015_cam.png
vindr_sample_0016,assets/cxr/vindr/sample_0016_input.png,assets/heatmaps/ark/vindr/sample_0016_cam.png,assets/heatmaps/eva/vindr/sample_0016_cam.png,assets/heatmaps/raddino/vindr/sample_0016_cam.png
vindr_sample_0017,assets/cxr/vindr/sample_0017_input.png,assets/heatmaps/ark/vindr/sample_0017_cam.png,assets/heatmaps/eva/vindr/sample_0017_cam.png,assets/heatmaps/raddino/vindr/sample_0017_cam.png
vindr_sample_0018,assets/cxr/vindr/sample_0018_input.png,assets/heatmaps/ark/vindr/sample_0018_cam.png,assets/heatmaps/eva/vindr/sample_0018_cam.png,assets/heatmaps/raddino/vindr/sample_0018_cam.png
vindr_sample_0019,assets/cxr/vindr/sample_0019_input.png,assets/heatmaps/ark/vindr/sample_0019_cam.png,assets/heatmaps/eva/vindr/sample_0019_cam.png,assets/heatmaps/raddino/vindr/sample_0019_cam.png
vindr_sample_0020,assets/cxr/vindr/sample_0020_input.png,assets/heatmaps/ark/vindr/sample_0020_cam.png,assets/heatmaps/eva/vindr/sample_0020_cam.png,assets/heatmaps/raddino/vindr/sample_0020_cam.png
vindr_sample_0021,assets/cxr/vindr/sample_0021_input.png,assets/heatmaps/ark/vindr/sample_0021_cam.png,assets/heatmaps/eva/vindr/sample_0021_cam.png,assets/heatmaps/raddino/vindr/sample_0021_cam.png
vindr_sample_0022,assets/cxr/vindr/sample_0022_input.png,assets/heatmaps/ark/vindr/sample_0022_cam.png,assets/heatmaps/eva/vindr/sample_0022_cam.png,assets/heatmaps/raddino/vindr/sample_0022_cam.png
vindr_sample_0023,assets/cxr/vindr/sample_0023_input.png,assets/heatmaps/ark/vindr/sample_0023_cam.png,assets/heatmaps/eva/vindr/sample_0023_cam.png,assets/heatmaps/raddino/vindr/sample_0023_cam.png
vindr_sample_0024,assets/cxr/vindr/sample_0024_input.png,assets/heatmaps/ark/vindr/sample_0024_cam.png,assets/heatmaps/eva/vindr/sample_0024_cam.png,assets/heatmaps/raddino/vindr/sample_0024_cam.png
vindr_sample_0025,assets/cxr/vindr/sample_0025_input.png,assets/heatmaps/ark/vindr/sample_0025_cam.png,assets/heatmaps/eva/vindr/sample_0025_cam.png,assets/heatmaps/raddino/vindr/sample_0025_cam.png
vindr_sample_0026,assets/cxr/vindr/sample_0026_input.png,assets/heatmaps/ark/vindr/sample_0026_cam.png,assets/heatmaps/eva/vindr/sample_0026_cam.png,assets/heatmaps/raddino/vindr/sample_0026_cam.png
vindr_sample_0027,assets/cxr/vindr/sample_0027_input.png,assets/heatmaps/ark/vindr/sample_0027_cam.png,assets/heatmaps/eva/vindr/sample_0027_cam.png,assets/heatmaps/raddino/vindr/sample_0027_cam.png
vindr_sample_0028,assets/cxr/vindr/sample_0028_input.png,assets/heatmaps/ark/vindr/sample_0028_cam.png,assets/heatmaps/eva/vindr/sample_0028_cam.png,assets/heatmaps/raddino/vindr/sample_0028_cam.png
vindr_sample_0029,assets/cxr/vindr/sample_0029_input.png,assets/heatmaps/ark/vindr/sample_0029_cam.png,assets/heatmaps/eva/vindr/sample_0029_cam.png,assets/heatmaps/raddino/vindr/sample_0029_cam.png
vindr_sample_0030,assets/cxr/vindr/sample_0030_input.png,assets/heatmaps/ark/vindr/sample_0030_cam.png,assets/heatmaps/eva/vindr/sample_0030_cam.png,assets/heatmaps/raddino/vindr/sample_0030_cam.png
vindr_sample_0031,assets/cxr/vindr/sample_0031_input.png,assets/heatmaps/ark/vindr/sample_0031_cam.png,assets/heatmaps/eva/vindr/sample_0031_cam.png,assets/heatmaps/raddino/vindr/sample_0031_cam.png
vindr_sample_0032,assets/cxr/vindr/sample_0032_input.png,assets/heatmaps/ark/vindr/sample_0032_cam.png,assets/heatmaps/eva/vindr/sample_0032_cam.png,assets/heatmaps/raddino/vindr/sample_0032_cam.png
vindr_sample_0033,assets/cxr/vindr/sample_0033_input.png,assets/heatmaps/ark/vindr/sample_0033_cam.png,assets/heatmaps/eva/vindr/sample_0033_cam.png,assets/heatmaps/raddino/vindr/sample_0033_cam.png
vindr_sample_0034,assets/cxr/vindr/sample_0034_input.png,assets/heatmaps/ark/vindr/sample_0034_cam.png,assets/heatmaps/eva/vindr/sample_0034_cam.png,assets/heatmaps/raddino/vindr/sample_0034_cam.png
vindr_sample_0035,assets/cxr/vindr/sample_0035_input.png,assets/heatmaps/ark/vindr/sample_0035_cam.png,assets/heatmaps/eva/vindr/sample_0035_cam.png,assets/heatmaps/raddino/vindr/sample_0035_cam.png
vindr_sample_0036,assets/cxr/vindr/sample_0036_input.png,assets/heatmaps/ark/vindr/sample_0036_cam.png,assets/heatmaps/eva/vindr/sample_0036_cam.png,assets/heatmaps/raddino/vindr/sample_0036_cam.png
vindr_sample_0037,assets/cxr/vindr/sample_0037_input.png,assets/heatmaps/ark/vindr/sample_0037_cam.png,assets/heatmaps/eva/vindr/sample_0037_cam.png,assets/heatmaps/raddino/vindr/sample_0037_cam.png
vindr_sample_0038,assets/cxr/vindr/sample_0038_input.png,assets/heatmaps/ark/vindr/sample_0038_cam.png,assets/heatmaps/eva/vindr/sample_0038_cam.png,assets/heatmaps/raddino/vindr/sample_0038_cam.png
vindr_sample_0039,assets/cxr/vindr/sample_0039_input.png,assets/heatmaps/ark/vindr/sample_0039_cam.png,assets/heatmaps/eva/vindr/sample_0039_cam.png,assets/heatmaps/raddino/vindr/sample_0039_cam.png
vindr_sample_0040,assets/cxr/vindr/sample_0040_input.png,assets/heatmaps/ark/vindr/sample_0040_cam.png,assets/heatmaps/eva/vindr/sample_0040_cam.png,assets/heatmaps/raddino/vindr/sample_0040_cam.png
vindr_sample_0041,assets/cxr/vindr/sample_0041_input.png,assets/heatmaps/ark/vindr/sample_0041_cam.png,assets/heatmaps/eva/vindr/sample_0041_cam.png,assets/heatmaps/raddino/vindr/sample_0041_cam.png
vindr_sample_0042,assets/cxr/vindr/sample_0042_input.png,assets/heatmaps/ark/vindr/sample_0042_cam.png,assets/heatmaps/eva/vindr/sample_0042_cam.png,assets/heatmaps/raddino/vindr/sample_0042_cam.png
vindr_sample_0043,assets/cxr/vindr/sample_0043_input.png,assets/heatmaps/ark/vindr/sample_0043_cam.png,assets/heatmaps/eva/vindr/sample_0043_cam.png,assets/heatmaps/raddino/vindr/sample_0043_cam.png
vindr_sample_0044,assets/cxr/vindr/sample_0044_input.png,assets/heatmaps/ark/vindr/sample_0044_cam.png,assets/heatmaps/eva/vindr/sample_0044_cam.png,assets/heatmaps/raddino/vindr/sample_0044_cam.png
vindr_sample_0045,assets/cxr/vindr/sample_0045_input.png,assets/heatmaps/ark/vindr/sample_0045_cam.png,assets/heatmaps/eva/vindr/sample_0045_cam.png,assets/heatmaps/raddino/vindr/sample_0045_cam.png
vindr_sample_0046,assets/cxr/vindr/sample_0046_input.png,assets/heatmaps/ark/vindr/sample_0046_cam.png,assets/heatmaps/eva/vindr/sample_0046_cam.png,assets/heatmaps/raddino/vindr/sample_0046_cam.png
vindr_sample_0047,assets/cxr/vindr/sample_0047_input.png,assets/heatmaps/ark/vindr/sample_0047_cam.png,assets/heatmaps/eva/vindr/sample_0047_cam.png,assets/heatmaps/raddino/vindr/sample_0047_cam.png
vindr_sample_0048,assets/cxr/vindr/sample_0048_input.png,assets/heatmaps/ark/vindr/sample_0048_cam.png,assets/heatmaps/eva/vindr/sample_0048_cam.png,assets/heatmaps/raddino/vindr/sample_0048_cam.png
vindr_sample_0049,assets/cxr/vindr/sample_0049_input.png,assets/heatmaps/ark/vindr/sample_0049_cam.png,assets/heatmaps/eva/vindr/sample_0049_cam.png,assets/heatmaps/raddino/vindr/sample_0049_cam.png
chestdr_sample_0000,assets/cxr/chestdr/sample_0000_input.png,assets/heatmaps/ark/chestdr/sample_0000_cam.png,assets/heatmaps/eva/chestdr/sample_0000_cam.png,assets/heatmaps/raddino/chestdr/sample_0000_cam.png
chestdr_sample_0001,assets/cxr/chestdr/sample_0001_input.png,assets/heatmaps/ark/chestdr/sample_0001_cam.png,assets/heatmaps/eva/chestdr/sample_0001_cam.png,assets/heatmaps/raddino/chestdr/sample_0001_cam.png
chestdr_sample_0002,assets/cxr/chestdr/sample_0002_input.png,assets/heatmaps/ark/chestdr/sample_0002_cam.png,assets/heatmaps/eva/chestdr/sample_0002_cam.png,assets/heatmaps/raddino/chestdr/sample_0002_cam.png
chestdr_sample_0003,assets/cxr/chestdr/sample_0003_input.png,assets/heatmaps/ark/chestdr/sample_0003_cam.png,assets/heatmaps/eva/chestdr/sample_0003_cam.png,assets/heatmaps/raddino/chestdr/sample_0003_cam.png
chestdr_sample_0004,assets/cxr/chestdr/sample_0004_input.png,assets/heatmaps/ark/chestdr/sample_0004_cam.png,assets/heatmaps/eva/chestdr/sample_0004_cam.png,assets/heatmaps/raddino/chestdr/sample_0004_cam.png
chestdr_sample_0005,assets/cxr/chestdr/sample_0005_input.png,assets/heatmaps/ark/chestdr/sample_0005_cam.png,assets/heatmaps/eva/chestdr/sample_0005_cam.png,assets/heatmaps/raddino/chestdr/sample_0005_cam.png
chestdr_sample_0006,assets/cxr/chestdr/sample_0006_input.png,assets/heatmaps/ark/chestdr/sample_0006_cam.png,assets/heatmaps/eva/chestdr/sample_0006_cam.png,assets/heatmaps/raddino/chestdr/sample_0006_cam.png
chestdr_sample_0007,assets/cxr/chestdr/sample_0007_input.png,assets/heatmaps/ark/chestdr/sample_0007_cam.png,assets/heatmaps/eva/chestdr/sample_0007_cam.png,assets/heatmaps/raddino/chestdr/sample_0007_cam.png
chestdr_sample_0008,assets/cxr/chestdr/sample_0008_input.png,assets/heatmaps/ark/chestdr/sample_0008_cam.png,assets/heatmaps/eva/chestdr/sample_0008_cam.png,assets/heatmaps/raddino/chestdr/sample_0008_cam.png
chestdr_sample_0009,assets/cxr/chestdr/sample_0009_input.png,assets/heatmaps/ark/chestdr/sample_0009_cam.png,assets/heatmaps/eva/chestdr/sample_0009_cam.png,assets/heatmaps/raddino/chestdr/sample_0009_cam.png
chestdr_sample_0010,assets/cxr/chestdr/sample_0010_input.png,assets/heatmaps/ark/chestdr/sample_0010_cam.png,assets/heatmaps/eva/chestdr/sample_0010_cam.png,assets/heatmaps/raddino/chestdr/sample_0010_cam.png
chestdr_sample_0011,assets/cxr/chestdr/sample_0011_input.png,assets/heatmaps/ark/chestdr/sample_0011_cam.png,assets/heatmaps/eva/chestdr/sample_0011_cam.png,assets/heatmaps/raddino/chestdr/sample_0011_cam.png
chestdr_sample_0012,assets/cxr/chestdr/sample_0012_input.png,assets/heatmaps/ark/chestdr/sample_0012_cam.png,assets/heatmaps/eva/chestdr/sample_0012_cam.png,assets/heatmaps/raddino/chestdr/sample_0012_cam.png
chestdr_sample_0013,assets/cxr/chestdr/sample_0013_input.png,assets/heatmaps/ark/chestdr/sample_0013_cam.png,assets/heatmaps/eva/chestdr/sample_0013_cam.png,assets/heatmaps/raddino/chestdr/sample_0013_cam.png
chestdr_sample_0014,assets/cxr/chestdr/sample_0014_input.png,assets/heatmaps/ark/chestdr/sample_0014_cam.png,assets/heatmaps/eva/chestdr/sample_0014_cam.png,assets/heatmaps/raddino/chestdr/sample_0014_cam.png
chestdr_sample_0015,assets/cxr/chestdr/sample_0015_input.png,assets/heatmaps/ark/chestdr/sample_0015_cam.png,assets/heatmaps/eva/chestdr/sample_0015_cam.png,assets/heatmaps/raddino/chestdr/sample_0015_cam.png
chestdr_sample_0016,assets/cxr/chestdr/sample_0016_input.png,assets/heatmaps/ark/chestdr/sample_0016_cam.png,assets/heatmaps/eva/chestdr/sample_0016_cam.png,assets/heatmaps/raddino/chestdr/sample_0016_cam.png
chestdr_sample_0017,assets/cxr/chestdr/sample_0017_input.png,assets/heatmaps/ark/chestdr/sample_0017_cam.png,assets/heatmaps/eva/chestdr/sample_0017_cam.png,assets/heatmaps/raddino/chestdr/sample_0017_cam.png
chestdr_sample_0018,assets/cxr/chestdr/sample_0018_input.png,assets/heatmaps/ark/chestdr/sample_0018_cam.png,assets/heatmaps/eva/chestdr/sample_0018_cam.png,assets/heatmaps/raddino/chestdr/sample_0018_cam.png
chestdr_sample_0019,assets/cxr/chestdr/sample_0019_input.png,assets/heatmaps/ark/chestdr/sample_0019_cam.png,assets/heatmaps/eva/chestdr/sample_0019_cam.png,assets/heatmaps/raddino/chestdr/sample_0019_cam.png
chestdr_sample_0020,assets/cxr/chestdr/sample_0020_input.png,assets/heatmaps/ark/chestdr/sample_0020_cam.png,assets/heatmaps/eva/chestdr/sample_0020_cam.png,assets/heatmaps/raddino/chestdr/sample_0020_cam.png
chestdr_sample_0021,assets/cxr/chestdr/sample_0021_input.png,assets/heatmaps/ark/chestdr/sample_0021_cam.png,assets/heatmaps/eva/chestdr/sample_0021_cam.png,assets/heatmaps/raddino/chestdr/sample_0021_cam.png
chestdr_sample_0022,assets/cxr/chestdr/sample_0022_input.png,assets/heatmaps/ark/chestdr/sample_0022_cam.png,assets/heatmaps/eva/chestdr/sample_0022_cam.png,assets/heatmaps/raddino/chestdr/sample_0022_cam.png
chestdr_sample_0023,assets/cxr/chestdr/sample_0023_input.png,assets/heatmaps/ark/chestdr/sample_0023_cam.png,assets/heatmaps/eva/chestdr/sample_0023_cam.png,assets/heatmaps/raddino/chestdr/sample_0023_cam.png
chestdr_sample_0024,assets/cxr/chestdr/sample_0024_input.png,assets/heatmaps/ark/chestdr/sample_0024_cam.png,assets/heatmaps/eva/chestdr/sample_0024_cam.png,assets/heatmaps/raddino/chestdr/sample_0024_cam.png
chestdr_sample_0025,assets/cxr/chestdr/sample_0025_input.png,assets/heatmaps/ark/chestdr/sample_0025_cam.png,assets/heatmaps/eva/chestdr/sample_0025_cam.png,assets/heatmaps/raddino/chestdr/sample_0025_cam.png
chestdr_sample_0026,assets/cxr/chestdr/sample_0026_input.png,assets/heatmaps/ark/chestdr/sample_0026_cam.png,assets/heatmaps/eva/chestdr/sample_0026_cam.png,assets/heatmaps/raddino/chestdr/sample_0026_cam.png
chestdr_sample_0027,assets/cxr/chestdr/sample_0027_input.png,assets/heatmaps/ark/chestdr/sample_0027_cam.png,assets/heatmaps/eva/chestdr/sample_0027_cam.png,assets/heatmaps/raddino/chestdr/sample_0027_cam.png
chestdr_sample_0028,assets/cxr/chestdr/sample_0028_input.png,assets/heatmaps/ark/chestdr/sample_0028_cam.png,assets/heatmaps/eva/chestdr/sample_0028_cam.png,assets/heatmaps/raddino/chestdr/sample_0028_cam.png
chestdr_sample_0029,assets/cxr/chestdr/sample_0029_input.png,assets/heatmaps/ark/chestdr/sample_0029_cam.png,assets/heatmaps/eva/chestdr/sample_0029_cam.png,assets/heatmaps/raddino/chestdr/sample_0029_cam.png
chestdr_sample_0030,assets/cxr/chestdr/sample_0030_input.png,assets/heatmaps/ark/chestdr/sample_0030_cam.png,assets/heatmaps/eva/chestdr/sample_0030_cam.png,assets/heatmaps/raddino/chestdr/sample_0030_cam.png
chestdr_sample_0031,assets/cxr/chestdr/sample_0031_input.png,assets/heatmaps/ark/chestdr/sample_0031_cam.png,assets/heatmaps/eva/chestdr/sample_0031_cam.png,assets/heatmaps/raddino/chestdr/sample_0031_cam.png
chestdr_sample_0032,assets/cxr/chestdr/sample_0032_input.png,assets/heatmaps/ark/chestdr/sample_0032_cam.png,assets/heatmaps/eva/chestdr/sample_0032_cam.png,assets/heatmaps/raddino/chestdr/sample_0032_cam.png
chestdr_sample_0033,assets/cxr/chestdr/sample_0033_input.png,assets/heatmaps/ark/chestdr/sample_0033_cam.png,assets/heatmaps/eva/chestdr/sample_0033_cam.png,assets/heatmaps/raddino/chestdr/sample_0033_cam.png
chestdr_sample_0034,assets/cxr/chestdr/sample_0034_input.png,assets/heatmaps/ark/chestdr/sample_0034_cam.png,assets/heatmaps/eva/chestdr/sample_0034_cam.png,assets/heatmaps/raddino/chestdr/sample_0034_cam.png
chestdr_sample_0035,assets/cxr/chestdr/sample_0035_input.png,assets/heatmaps/ark/chestdr/sample_0035_cam.png,assets/heatmaps/eva/chestdr/sample_0035_cam.png,assets/heatmaps/raddino/chestdr/sample_0035_cam.png
chestdr_sample_0036,assets/cxr/chestdr/sample_0036_input.png,assets/heatmaps/ark/chestdr/sample_0036_cam.png,assets/heatmaps/eva/chestdr/sample_0036_cam.png,assets/heatmaps/raddino/chestdr/sample_0036_cam.png
chestdr_sample_0037,assets/cxr/chestdr/sample_0037_input.png,assets/heatmaps/ark/chestdr/sample_0037_cam.png,assets/heatmaps/eva/chestdr/sample_0037_cam.png,assets/heatmaps/raddino/chestdr/sample_0037_cam.png
chestdr_sample_0038,assets/cxr/chestdr/sample_0038_input.png,assets/heatmaps/ark/chestdr/sample_0038_cam.png,assets/heatmaps/eva/chestdr/sample_0038_cam.png,assets/heatmaps/raddino/chestdr/sample_0038_cam.png
chestdr_sample_0039,assets/cxr/chestdr/sample_0039_input.png,assets/heatmaps/ark/chestdr/sample_0039_cam.png,assets/heatmaps/eva/chestdr/sample_0039_cam.png,assets/heatmaps/raddino/chestdr/sample_0039_cam.png
chestdr_sample_0040,assets/cxr/chestdr/sample_0040_input.png,assets/heatmaps/ark/chestdr/sample_0040_cam.png,assets/heatmaps/eva/chestdr/sample_0040_cam.png,assets/heatmaps/raddino/chestdr/sample_0040_cam.png
chestdr_sample_0041,assets/cxr/chestdr/sample_0041_input.png,assets/heatmaps/ark/chestdr/sample_0041_cam.png,assets/heatmaps/eva/chestdr/sample_0041_cam.png,assets/heatmaps/raddino/chestdr/sample_0041_cam.png
chestdr_sample_0042,assets/cxr/chestdr/sample_0042_input.png,assets/heatmaps/ark/chestdr/sample_0042_cam.png,assets/heatmaps/eva/chestdr/sample_0042_cam.png,assets/heatmaps/raddino/chestdr/sample_0042_cam.png
chestdr_sample_0043,assets/cxr/chestdr/sample_0043_input.png,assets/heatmaps/ark/chestdr/sample_0043_cam.png,assets/heatmaps/eva/chestdr/sample_0043_cam.png,assets/heatmaps/raddino/chestdr/sample_0043_cam.png
chestdr_sample_0044,assets/cxr/chestdr/sample_0044_input.png,assets/heatmaps/ark/chestdr/sample_0044_cam.png,assets/heatmaps/eva/chestdr/sample_0044_cam.png,assets/heatmaps/raddino/chestdr/sample_0044_cam.png
chestdr_sample_0045,assets/cxr/chestdr/sample_0045_input.png,assets/heatmaps/ark/chestdr/sample_0045_cam.png,assets/heatmaps/eva/chestdr/sample_0045_cam.png,assets/heatmaps/raddino/chestdr/sample_0045_cam.png
chestdr_sample_0046,assets/cxr/chestdr/sample_0046_input.png,assets/heatmaps/ark/chestdr/sample_0046_cam.png,assets/heatmaps/eva/chestdr/sample_0046_cam.png,assets/heatmaps/raddino/chestdr/sample_0046_cam.png
chestdr_sample_0047,assets/cxr/chestdr/sample_0047_input.png,assets/heatmaps/ark/chestdr/sample_0047_cam.png,assets/heatmaps/eva/chestdr/sample_0047_cam.png,assets/heatmaps/raddino/chestdr/sample_0047_cam.png
chestdr_sample_0048,assets/cxr/chestdr/sample_0048_input.png,assets/heatmaps/ark/chestdr/sample_0048_cam.png,assets/heatmaps/eva/chestdr/sample_0048_cam.png,assets/heatmaps/raddino/chestdr/sample_0048_cam.png
chestdr_sample_0049,assets/cxr/chestdr/sample_0049_input.png,assets/heatmaps/ark/chestdr/sample_0049_cam.png,assets/heatmaps/eva/chestdr/sample_0049_cam.png,assets/heatmaps/raddino/chestdr/sample_0049_cam.png
