image_id,sample_count,dataset,model,TB,atelectasis,calcification,consolidation,fibrosis,nodule,pleural_effusion,pneumonia,pneumothorax,thickened_pleura,Lung Opacity,Lung cavity,pulmonary_edema
DX.1.2.840.113619.2.369.4.2147483647.1574057249.300578.png,0,chestdr,raddino,0,0,0,0,0,0,0,0,0,0,0,0,0
DX.1.2.392.200046.100.2.1.69131194618.191103110142.2.1.1.png,1,chestdr,raddino,0,0,0,0,0,0,1,1,0,0,0,0,0
5E0E8C361F44615.png,2,chestdr,raddino,0,1,0,0,0,0,1,1,0,0,0,0,0
5E1ACD9839D0732.png,3,chestdr,raddino,0,0,0,0,0,0,0,0,0,0,0,0,0
5D02F5BF1DD83FC.png,4,chestdr,raddino,0,0,0,0,0,0,1,1,0,0,0,0,0
5B41558719CFCA.png,5,chestdr,raddino,0,0,0,0,0,0,0,0,0,0,0,0,0
DX.1.2.392.200036.9125.4.0.487562609.668689814.2795306561.png,6,chestdr,raddino,0,0,0,0,0,0,1,1,0,0,0,0,0
5CCA888B1560D07.png,7,chestdr,raddino,0,0,0,0,0,0,0,0,0,0,0,0,0
DX.1.2.0030971700033962642019102209011591530265.png,8,chestdr,raddino,0,0,0,0,0,0,0,0,0,0,0,0,0
5DBF7BB967F8BC5.png,9,chestdr,raddino,0,0,0,0,0,0,0,0,0,0,0,0,0
5BA0FCB4139C797.png,10,chestdr,raddino,0,0,0,0,0,0,0,0,0,0,0,0,0
5DA6764A5D68306.png,11,chestdr,raddino,0,0,0,0,0,0,1,0,1,0,0,0,0
DX.1.2.840.113619.2.369.4.2147483647.1573448426.897323.png,12,chestdr,raddino,0,0,0,0,0,1,0,0,0,0,0,0,0
5C6A13461FDCDE7.png,13,chestdr,raddino,0,0,0,0,0,0,1,0,0,0,0,0,0
5E20FB58256406A.png,14,chestdr,raddino,0,0,0,0,0,0,0,0,0,0,0,0,0
5BD4223D1CA01ED.png,15,chestdr,raddino,0,0,0,0,1,0,0,0,0,0,0,0,0
5C8A2AADEB84FE.png,16,chestdr,raddino,0,0,0,0,0,0,1,1,0,0,0,0,0
5E0405994EA4613.png,17,chestdr,raddino,0,0,0,0,0,0,0,0,0,0,0,0,0
CR.1.2.156.600734.516764694.1648.1572440547.733.0.1.png,18,chestdr,raddino,0,0,0,0,1,0,0,0,0,0,0,0,0
5E01701B18708DF.png,19,chestdr,raddino,0,0,0,0,0,0,0,0,0,0,0,0,0
5CA860956AC773.png,20,chestdr,raddino,0,0,0,0,0,0,0,0,0,0,0,0,1
5CE20DA42360591.png,21,chestdr,raddino,0,0,0,0,0,0,0,0,0,0,0,0,1
5B873D991E8C02F.png,22,chestdr,raddino,0,0,0,0,0,0,0,0,0,0,0,0,0
5D16B67D3278E0A.png,23,chestdr,raddino,0,0,0,0,0,0,1,1,0,0,0,0,0
5E1FD97663EC35B.png,24,chestdr,raddino,0,0,0,0,1,0,1,1,0,0,0,0,0
5BCFC10B27203CE.png,25,chestdr,raddino,0,0,0,0,0,0,0,0,0,0,0,0,0
DX.1.3.46.670589.26.802544.25.20190911.144531.290915.0.png,26,chestdr,raddino,0,0,0,0,0,0,0,0,0,0,0,0,0
5D4E205B55CCC74.png,27,chestdr,raddino,0,0,0,0,0,0,0,0,0,0,0,0,0
5E3AC1C33810F33.png,28,chestdr,raddino,0,0,0,0,0,0,0,0,0,0,0,0,1
5C75DE4423CCEB2.png,29,chestdr,raddino,0,0,0,0,0,0,1,1,0,0,0,0,0
DX.1.2.00317165000343205120191113074830161440125.png,30,chestdr,raddino,0,0,0,0,0,0,0,0,0,0,0,0,0
5E0406784040259.png,31,chestdr,raddino,0,0,0,0,0,1,0,0,0,0,0,0,0
5D31144641801C6.png,32,chestdr,raddino,0,0,0,0,1,0,0,0,0,0,0,0,0
5CF758A424706EC.png,33,chestdr,raddino,0,0,0,0,0,0,1,1,1,0,0,0,0
5DCCA69520F093B.png,34,chestdr,raddino,0,0,0,0,0,0,0,0,0,0,0,0,0
5E24F2C35AE0B75.png,35,chestdr,raddino,0,0,0,0,0,0,1,0,0,0,0,0,0
5D00525A96C81E.png,36,chestdr,raddino,0,0,0,0,0,0,0,0,0,0,0,0,0
5C412A3020C8591.png,37,chestdr,raddino,0,0,0,0,0,1,0,0,0,1,0,0,0
5E1D0B3E3400F6C.png,38,chestdr,raddino,0,0,0,0,0,0,1,0,1,0,0,0,0
5E099D9947D8185.png,39,chestdr,raddino,0,0,0,0,0,0,1,1,0,0,0,0,0
5D1417F52920302.png,40,chestdr,raddino,0,0,0,0,1,0,0,1,0,0,0,0,0
DX.1.2.392.200036.9125.4.0.487562630.2975294870.2795306561.png,41,chestdr,raddino,0,0,0,0,0,0,1,1,0,0,0,0,0
DX.1.2.392.200036.9125.4.0.487570046.196175254.2795306561.png,42,chestdr,raddino,0,0,1,0,0,0,0,1,0,0,0,0,0
5E250EFA5DA8417.png,43,chestdr,raddino,0,0,0,0,0,0,1,0,0,0,0,0,0
5B948B191330B8C.png,44,chestdr,raddino,0,1,0,0,0,0,1,0,0,0,0,0,0
5E04051261E8F62.png,45,chestdr,raddino,0,0,0,0,0,0,1,0,0,0,0,0,0
5DCD0B5157C84EF.png,46,chestdr,raddino,0,0,0,0,0,0,0,0,0,0,0,0,0
5E1EAE5E414C7F5.png,47,chestdr,raddino,0,0,0,0,0,0,1,1,0,0,0,0,0
DX.1.2.840.113619.2.369.4.2147483647.1573517783.637356.png,48,chestdr,raddino,0,0,0,0,0,0,0,0,0,0,0,0,0
DX.1.2.840.113619.2.369.4.2147483647.1568184152.682977.png,49,chestdr,raddino,0,0,0,0,0,0,0,0,0,0,0,0,0
